{"stats":{"minecraft:mined":{"minecraft:grass":2,"minecraft:acacia_log":4,"minecraft:acacia_leaves":1,"minecraft:stone":4},"minecraft:custom":{"minecraft:time_since_rest":5582,"minecraft:play_time":5582,"minecraft:sprint_one_cm":2932,"minecraft:damage_taken":50,"minecraft:walk_one_cm":3647,"minecraft:drop":1,"minecraft:jump":36,"minecraft:time_since_death":5582,"minecraft:total_world_time":5582,"minecraft:interact_with_crafting_table":1,"minecraft:fall_one_cm":2134,"minecraft:fly_one_cm":6512},"minecraft:used":{"minecraft:cobblestone":2,"minecraft:crafting_table":1,"minecraft:wooden_pickaxe":4},"minecraft:picked_up":{"minecraft:acacia_log":4,"minecraft:cobblestone":4},"minecraft:crafted":{"minecraft:acacia_planks":16,"minecraft:crafting_table":1,"minecraft:stick":4,"minecraft:wooden_pickaxe":1},"minecraft:dropped":{"pfm:furniture_book":1}},"DataVersion":3578}