{"stats":{"minecraft:mined":{"minecraft:grass":3,"minecraft:acacia_log":4,"minecraft:acacia_leaves":1,"minecraft:stone":28},"minecraft:custom":{"minecraft:time_since_rest":16241,"minecraft:waystone_activated":3,"minecraft:play_time":16241,"minecraft:sprint_one_cm":6738,"minecraft:damage_taken":188,"minecraft:walk_one_cm":22745,"minecraft:sneak_time":27,"minecraft:drop":1,"minecraft:jump":105,"minecraft:leave_game":1,"minecraft:time_since_death":16241,"minecraft:total_world_time":16241,"minecraft:interact_with_crafting_table":2,"minecraft:fall_one_cm":4295,"minecraft:fly_one_cm":7641},"minecraft:used":{"waystones:waystone":1,"minecraft:cobblestone":25,"minecraft:crafting_table":1,"minecraft:stone_pickaxe":15,"minecraft:wooden_pickaxe":14},"minecraft:picked_up":{"minecraft:acacia_log":4,"waystones:waystone":1,"minecraft:cobblestone":28},"minecraft:crafted":{"minecraft:acacia_planks":16,"minecraft:crafting_table":1,"minecraft:stick":4,"minecraft:wooden_pickaxe":1,"minecraft:stone_pickaxe":1},"minecraft:dropped":{"pfm:furniture_book":1}},"DataVersion":3578}