{"stats":{"minecraft:picked_up":{"minecraft:wheat_seeds":1,"minecraft:acacia_log":3,"minecraft:dirt":26},"minecraft:mined":{"minecraft:grass":2,"minecraft:acacia_log":3,"minecraft:grass_block":26,"minecraft:acacia_leaves":2},"minecraft:custom":{"minecraft:jump":219,"minecraft:time_since_rest":16858,"minecraft:leave_game":3,"minecraft:crouch_one_cm":63,"minecraft:play_time":16858,"minecraft:sprint_one_cm":22164,"minecraft:damage_taken":20,"minecraft:time_since_death":16858,"minecraft:walk_one_cm":17602,"minecraft:sneak_time":5,"minecraft:total_world_time":16858,"minecraft:fall_one_cm":9948,"minecraft:fly_one_cm":41122}},"DataVersion":3578}