{"stats":{"minecraft:custom":{"minecraft:time_since_rest":32410,"minecraft:waystone_activated":4,"minecraft:crouch_one_cm":438,"minecraft:sprint_one_cm":51979,"minecraft:play_time":32410,"minecraft:damage_taken":210,"minecraft:walk_one_cm":48073,"minecraft:sneak_time":179,"minecraft:interact_with_anvil":4,"minecraft:jump":448,"minecraft:damage_dealt":125,"minecraft:leave_game":6,"minecraft:walk_on_water_one_cm":2774,"minecraft:time_since_death":32410,"minecraft:total_world_time":32410,"minecraft:fall_one_cm":11119,"minecraft:fly_one_cm":123191},"minecraft:used":{"waystones:waystone":4,"minecraft:dirt":5,"minecraft:anvil":1},"minecraft:picked_up":{"minecraft:wheat_seeds":2,"minecraft:acacia_log":3,"minecraft:dirt":34},"minecraft:mined":{"minecraft:grass":7,"minecraft:acacia_log":3,"minecraft:grass_block":34,"minecraft:acacia_leaves":2}},"DataVersion":3578}