{"stats":{"minecraft:mined":{"minecraft:grass":8,"minecraft:acacia_log":3,"minecraft:grass_block":35,"minecraft:acacia_leaves":2},"minecraft:custom":{"minecraft:time_since_rest":1685,"minecraft:waystone_activated":4,"minecraft:crouch_one_cm":438,"minecraft:sprint_one_cm":53044,"minecraft:play_time":40919,"minecraft:deaths":1,"minecraft:damage_taken":275,"minecraft:walk_one_cm":61020,"minecraft:sneak_time":209,"minecraft:interact_with_anvil":4,"minecraft:jump":483,"minecraft:damage_dealt":141,"minecraft:leave_game":6,"minecraft:walk_on_water_one_cm":2774,"minecraft:time_since_death":1653,"minecraft:total_world_time":40919,"minecraft:fall_one_cm":12597,"minecraft:fly_one_cm":128586},"minecraft:used":{"waystones:waystone":4,"minecraft:dirt":5,"minecraft:anvil":1},"minecraft:picked_up":{"minecraft:wheat_seeds":2,"minecraft:acacia_log":3,"minecraft:dirt":34}},"DataVersion":3578}