{"stats":{"minecraft:used":{"minecraft:creeper_spawn_egg":1,"waystones:waystone":7,"minecraft:command_block":2,"minecraft:wooden_pickaxe":8,"minecraft:stone":5,"minecraft:stone_axe":6,"minecraft:dirt":21,"minecraft:anvil":1,"minecraft:crafting_table":2},"minecraft:dropped":{"minecraft:command_block":1},"minecraft:crafted":{"minecraft:crafting_table":1,"minecraft:stick":8,"minecraft:wooden_pickaxe":1,"minecraft:stone_pickaxe":1,"minecraft:acacia_planks":20,"minecraft:stone_axe":1},"minecraft:mined":{"minecraft:acacia_leaves":3,"minecraft:crafting_table":2,"minecraft:grass":9,"minecraft:acacia_log":12,"minecraft:grass_block":35,"minecraft:stone":8},"minecraft:picked_up":{"minecraft:crafting_table":2,"minecraft:leather":2,"minecraft:acacia_log":12,"minecraft:porkchop":6,"minecraft:dirt":34,"minecraft:command_block":1,"minecraft:rotten_flesh":1,"minecraft:wheat_seeds":3,"minecraft:beef":4,"minecraft:cobblestone":8},"minecraft:killed":{"minecraft:pig":3,"minecraft:cow":2},"minecraft:killed_by":{"minecraft:zombie":1},"minecraft:custom":{"minecraft:time_since_rest":23178,"minecraft:waystone_activated":8,"minecraft:sprint_one_cm":59384,"minecraft:damage_taken":500,"minecraft:walk_one_cm":91780,"minecraft:mob_kills":5,"minecraft:interact_with_anvil":4,"minecraft:drop":1,"minecraft:damage_dealt":742,"minecraft:interact_with_crafting_table":2,"minecraft:fly_one_cm":164447,"minecraft:crouch_one_cm":438,"minecraft:play_time":64927,"minecraft:deaths":2,"minecraft:sneak_time":304,"minecraft:jump":625,"minecraft:leave_game":7,"minecraft:time_since_death":23149,"minecraft:walk_on_water_one_cm":2774,"minecraft:total_world_time":64927,"minecraft:fall_one_cm":13700}},"DataVersion":3578}