{"stats":{"minecraft:mined":{"minecraft:grass":8,"minecraft:acacia_log":3,"minecraft:grass_block":35,"minecraft:acacia_leaves":2},"minecraft:custom":{"minecraft:time_since_rest":17452,"minecraft:waystone_activated":8,"minecraft:crouch_one_cm":438,"minecraft:sprint_one_cm":54083,"minecraft:play_time":59201,"minecraft:damage_taken":500,"minecraft:deaths":2,"minecraft:walk_one_cm":80208,"minecraft:sneak_time":295,"minecraft:interact_with_anvil":4,"minecraft:drop":1,"minecraft:jump":552,"minecraft:damage_dealt":242,"minecraft:leave_game":7,"minecraft:walk_on_water_one_cm":2774,"minecraft:time_since_death":17423,"minecraft:total_world_time":59201,"minecraft:fall_one_cm":12597,"minecraft:fly_one_cm":153366},"minecraft:used":{"minecraft:creeper_spawn_egg":1,"waystones:waystone":7,"minecraft:dirt":21,"minecraft:anvil":1,"minecraft:command_block":2,"minecraft:stone":5},"minecraft:killed_by":{"minecraft:zombie":1},"minecraft:picked_up":{"minecraft:command_block":1,"minecraft:wheat_seeds":3,"minecraft:acacia_log":3,"minecraft:dirt":34},"minecraft:dropped":{"minecraft:command_block":1}},"DataVersion":3578}