{"stats":{"minecraft:used":{"minecraft:creeper_spawn_egg":1,"waystones:waystone":7,"minecraft:acacia_log":2,"minecraft:command_block":2,"minecraft:stone_pickaxe":26,"minecraft:wooden_pickaxe":8,"minecraft:stone":5,"minecraft:stone_axe":31,"minecraft:dirt":21,"minecraft:anvil":1,"minecraft:crafting_table":4,"minecraft:cooked_porkchop":2,"minecraft:furnace":1},"minecraft:dropped":{"minecraft:command_block":1},"minecraft:mined":{"minecraft:acacia_leaves":3,"minecraft:furnace":1,"minecraft:crafting_table":4,"minecraft:grass":9,"minecraft:acacia_log":23,"minecraft:grass_block":35,"minecraft:coal_ore":17,"minecraft:cobblestone":1,"minecraft:stone":14,"minecraft:oak_leaves":1},"minecraft:crafted":{"minecraft:cooked_beef":2,"minecraft:cooked_porkchop":13,"minecraft:crafting_table":1,"minecraft:stick":8,"minecraft:wooden_pickaxe":1,"minecraft:stone_pickaxe":1,"minecraft:furnace":1,"minecraft:acacia_planks":20,"minecraft:stone_axe":1,"minecraft:air":0},"minecraft:picked_up":{"minecraft:crafting_table":4,"minecraft:leather":2,"minecraft:acacia_log":23,"minecraft:porkchop":13,"minecraft:dirt":35,"minecraft:command_block":1,"minecraft:rotten_flesh":1,"minecraft:wheat_seeds":3,"minecraft:beef":4,"minecraft:light_gray_wool":3,"minecraft:mutton":9,"minecraft:coal":17,"minecraft:white_wool":4,"minecraft:cobblestone":15,"minecraft:furnace":1},"minecraft:killed":{"minecraft:sheep":7,"minecraft:pig":6,"minecraft:cow":2},"minecraft:killed_by":{"minecraft:skeleton":1,"minecraft:zombie":1},"minecraft:custom":{"minecraft:time_since_rest":9935,"minecraft:waystone_activated":8,"minecraft:interact_with_furnace":9,"minecraft:sprint_one_cm":95594,"minecraft:damage_taken":915,"minecraft:walk_one_cm":145736,"minecraft:mob_kills":15,"minecraft:interact_with_anvil":4,"minecraft:drop":1,"minecraft:damage_dealt":1782,"minecraft:swim_one_cm":5271,"minecraft:interact_with_crafting_table":4,"minecraft:fly_one_cm":187904,"minecraft:crouch_one_cm":957,"minecraft:play_time":76927,"minecraft:deaths":3,"minecraft:sneak_time":782,"minecraft:walk_under_water_one_cm":101,"minecraft:jump":840,"minecraft:leave_game":7,"minecraft:time_since_death":9906,"minecraft:walk_on_water_one_cm":3131,"minecraft:total_world_time":76927,"minecraft:fall_one_cm":19111}},"DataVersion":3578}