{"stats":{"minecraft:picked_up":{"minecraft:wheat_seeds":1,"minecraft:acacia_log":3,"minecraft:dirt":13},"minecraft:mined":{"minecraft:grass":2,"minecraft:acacia_log":3,"minecraft:grass_block":13,"minecraft:acacia_leaves":2},"minecraft:custom":{"minecraft:jump":98,"minecraft:time_since_rest":4739,"minecraft:leave_game":1,"minecraft:play_time":4739,"minecraft:sprint_one_cm":9100,"minecraft:damage_taken":20,"minecraft:time_since_death":4739,"minecraft:walk_one_cm":7217,"minecraft:total_world_time":4739,"minecraft:fall_one_cm":5118,"minecraft:fly_one_cm":19939}},"DataVersion":3578}