{"stats":{"minecraft:mined":{"minecraft:grass":8,"minecraft:acacia_log":3,"minecraft:grass_block":35,"minecraft:acacia_leaves":2},"minecraft:custom":{"minecraft:time_since_rest":11170,"minecraft:waystone_activated":4,"minecraft:crouch_one_cm":438,"minecraft:sprint_one_cm":53130,"minecraft:play_time":52919,"minecraft:deaths":2,"minecraft:damage_taken":500,"minecraft:walk_one_cm":64482,"minecraft:sneak_time":211,"minecraft:interact_with_anvil":4,"minecraft:drop":1,"minecraft:jump":515,"minecraft:damage_dealt":215,"minecraft:leave_game":6,"minecraft:walk_on_water_one_cm":2774,"minecraft:time_since_death":11141,"minecraft:total_world_time":52919,"minecraft:fall_one_cm":12597,"minecraft:fly_one_cm":138771},"minecraft:used":{"minecraft:creeper_spawn_egg":1,"waystones:waystone":4,"minecraft:dirt":5,"minecraft:anvil":1,"minecraft:command_block":2,"minecraft:stone":5},"minecraft:killed_by":{"minecraft:zombie":1},"minecraft:picked_up":{"minecraft:command_block":1,"minecraft:wheat_seeds":2,"minecraft:acacia_log":3,"minecraft:dirt":34},"minecraft:dropped":{"minecraft:command_block":1}},"DataVersion":3578}