{"stats":{"minecraft:mined":{"minecraft:furnace":1,"minecraft:crafting_table":3,"minecraft:grass":7,"minecraft:grass_block":1,"minecraft:oak_log":10,"minecraft:coal_ore":49,"minecraft:dirt":1,"minecraft:tall_grass":3,"minecraft:cobblestone":2,"minecraft:stone":61,"minecraft:oak_leaves":3},"minecraft:used":{"minecraft:stone_sword":7,"minecraft:stone_pickaxe":97,"minecraft:wooden_pickaxe":18,"minecraft:stone_axe":7,"minecraft:dirt":1,"minecraft:cobblestone":2,"minecraft:crafting_table":3,"minecraft:furnace":1,"minecraft:cooked_porkchop":1},"minecraft:killed":{"minecraft:zombie":1,"minecraft:pig":1},"minecraft:dropped":{"minecraft:rotten_flesh":2},"minecraft:custom":{"minecraft:time_since_rest":922,"minecraft:interact_with_furnace":3,"minecraft:sprint_one_cm":9509,"minecraft:damage_taken":660,"minecraft:walk_one_cm":10207,"minecraft:mob_kills":2,"minecraft:drop":2,"minecraft:damage_dealt":218,"minecraft:interact_with_crafting_table":6,"minecraft:fly_one_cm":9421,"minecraft:crouch_one_cm":8521,"minecraft:play_time":16672,"minecraft:deaths":2,"minecraft:sneak_time":3154,"minecraft:walk_under_water_one_cm":815,"minecraft:jump":121,"minecraft:leave_game":6,"minecraft:walk_on_water_one_cm":1266,"minecraft:time_since_death":894,"minecraft:total_world_time":16672,"minecraft:fall_one_cm":5876},"minecraft:picked_up":{"minecraft:crafting_table":3,"minecraft:porkchop":2,"minecraft:oak_log":10,"minecraft:dirt":2,"minecraft:rotten_flesh":2,"minecraft:coal":62,"minecraft:cobblestone":63,"minecraft:furnace":1},"minecraft:crafted":{"minecraft:oak_planks":20,"minecraft:cooked_porkchop":2,"minecraft:crafting_table":1,"minecraft:stick":8,"minecraft:wooden_pickaxe":1,"minecraft:stone_pickaxe":1,"minecraft:stone_sword":1,"minecraft:furnace":1,"minecraft:stone_axe":1,"minecraft:air":0},"minecraft:killed_by":{"minecraft:zombie":2}},"DataVersion":3578}