{"stats":{"minecraft:used":{"minecraft:crafting_table":1,"minecraft:wooden_pickaxe":2},"minecraft:mined":{"minecraft:grass":7,"minecraft:grass_block":1,"minecraft:oak_log":5,"minecraft:tall_grass":3,"minecraft:stone":2,"minecraft:oak_leaves":1,"minecraft:crafting_table":1},"minecraft:killed":{"minecraft:pig":1},"minecraft:custom":{"minecraft:time_since_rest":3992,"minecraft:crouch_one_cm":193,"minecraft:play_time":6563,"minecraft:sprint_one_cm":1930,"minecraft:deaths":1,"minecraft:damage_taken":285,"minecraft:walk_one_cm":3498,"minecraft:sneak_time":312,"minecraft:mob_kills":1,"minecraft:jump":60,"minecraft:damage_dealt":100,"minecraft:leave_game":5,"minecraft:time_since_death":3841,"minecraft:total_world_time":6563,"minecraft:interact_with_crafting_table":1,"minecraft:fall_one_cm":3194,"minecraft:fly_one_cm":3538},"minecraft:picked_up":{"minecraft:crafting_table":1,"minecraft:porkchop":2,"minecraft:oak_log":5,"minecraft:dirt":1,"minecraft:cobblestone":2},"minecraft:crafted":{"minecraft:oak_planks":20,"minecraft:crafting_table":1,"minecraft:stick":4,"minecraft:wooden_pickaxe":1},"minecraft:killed_by":{"minecraft:zombie":1}},"DataVersion":3578}