{
  "minecraft:recipes/redstone/lever": {
    "criteria": {
      "has_cobblestone": "2024-07-08 23:59:52 +0000"
    },
    "done": true
  },
  "minecraft:recipes/redstone/acacia_button": {
    "criteria": {
      "has_planks": "2024-07-08 23:59:25 +0000"
    },
    "done": true
  },
  "minecraft:recipes/decorations/ladder": {
    "criteria": {
      "has_stick": "2024-07-08 23:59:31 +0000"
    },
    "done": true
  },
  "pfm:recipes/furniture/acacia_table_classic": {
    "criteria": {
      "has_planks": "2024-07-08 23:59:25 +0000"
    },
    "done": true
  },
  "mcwfurnitures:recipes/acacia": {
    "criteria": {
      "has_wood": "2024-07-08 23:58:04 +0000"
    },
    "done": true
  },
  "minecraft:recipes/redstone/acacia_pressure_plate": {
    "criteria": {
      "has_planks": "2024-07-08 23:59:25 +0000"
    },
    "done": true
  },
  "pfm:recipes/furniture/acacia_chair_classic": {
    "criteria": {
      "has_planks": "2024-07-08 23:59:25 +0000"
    },
    "done": true
  },
  "minecraft:recipes/combat/stone_sword": {
    "criteria": {
      "has_cobblestone": "2024-07-08 23:59:52 +0000"
    },
    "done": true
  },
  "minecraft:recipes/decorations/cobblestone_wall": {
    "criteria": {
      "has_cobblestone": "2024-07-08 23:59:52 +0000"
    },
    "done": true
  },
  "minecraft:recipes/tools/stone_axe": {
    "criteria": {
      "has_cobblestone": "2024-07-08 23:59:52 +0000"
    },
    "done": true
  },
  "pfm:recipes/furniture/acacia_kitchen_wall_counter": {
    "criteria": {
      "has_planks": "2024-07-08 23:59:25 +0000"
    },
    "done": true
  },
  "minecraft:recipes/building_blocks/acacia_slab": {
    "criteria": {
      "has_planks": "2024-07-08 23:59:25 +0000"
    },
    "done": true
  },
  "minecraft:story/mine_stone": {
    "criteria": {
      "get_stone": "2024-07-08 23:59:52 +0000"
    },
    "done": true
  },
  "minecraft:recipes/decorations/furnace": {
    "criteria": {
      "has_cobblestone": "2024-07-08 23:59:52 +0000"
    },
    "done": true
  },
  "pfm:recipes/furniture/acacia_modern_stool": {
    "criteria": {
      "has_planks": "2024-07-08 23:59:25 +0000"
    },
    "done": true
  },
  "minecraft:recipes/tools/wooden_axe": {
    "criteria": {
      "has_stick": "2024-07-08 23:59:31 +0000"
    },
    "done": true
  },
  "minecraft:recipes/redstone/acacia_trapdoor": {
    "criteria": {
      "has_planks": "2024-07-08 23:59:25 +0000"
    },
    "done": true
  },
  "pfm:recipes/furniture/acacia_simple_stool": {
    "criteria": {
      "has_planks": "2024-07-08 23:59:25 +0000"
    },
    "done": true
  },
  "minecraft:recipes/decorations/crafting_table": {
    "criteria": {
      "unlock_right_away": "2024-07-08 23:56:04 +0000"
    },
    "done": true
  },
  "minecraft:recipes/misc/stick": {
    "criteria": {
      "has_planks": "2024-07-08 23:59:25 +0000"
    },
    "done": true
  },
  "minecraft:recipes/building_blocks/cobblestone_slab_from_cobblestone_stonecutting": {
    "criteria": {
      "has_cobblestone": "2024-07-08 23:59:52 +0000"
    },
    "done": true
  },
  "pfm:recipes/furniture/acacia_chair": {
    "criteria": {
      "has_planks": "2024-07-08 23:59:25 +0000"
    },
    "done": true
  },
  "pfm:recipes/furniture/acacia_raw_table_log": {
    "criteria": {
      "has_log": "2024-07-08 23:58:04 +0000"
    },
    "done": true
  },
  "minecraft:recipes/building_blocks/stone": {
    "criteria": {
      "has_cobblestone": "2024-07-08 23:59:52 +0000"
    },
    "done": true
  },
  "minecraft:recipes/building_blocks/acacia_stairs": {
    "criteria": {
      "has_planks": "2024-07-08 23:59:25 +0000"
    },
    "done": true
  },
  "pfm:recipes/furniture/acacia_classic_nightstand": {
    "criteria": {
      "has_planks": "2024-07-08 23:59:25 +0000"
    },
    "done": true
  },
  "pfm:recipes/furniture/acacia_kitchen_wall_drawer": {
    "criteria": {
      "has_planks": "2024-07-08 23:59:25 +0000"
    },
    "done": true
  },
  "minecraft:recipes/redstone/acacia_door": {
    "criteria": {
      "has_planks": "2024-07-08 23:59:25 +0000"
    },
    "done": true
  },
  "minecraft:recipes/redstone/acacia_fence_gate": {
    "criteria": {
      "has_planks": "2024-07-08 23:59:25 +0000"
    },
    "done": true
  },
  "pfm:recipes/furniture/acacia_table_basic": {
    "criteria": {
      "has_planks": "2024-07-08 23:59:25 +0000"
    },
    "done": true
  },
  "pfm:grant_book_on_first_join": {
    "criteria": {
      "tick": "2024-07-08 23:56:04 +0000"
    },
    "done": true
  },
  "pfm:recipes/furniture/acacia_log_stool": {
    "criteria": {
      "has_log": "2024-07-08 23:58:04 +0000"
    },
    "done": true
  },
  "pfm:recipes/furniture/acacia_table_dinner": {
    "criteria": {
      "has_planks": "2024-07-08 23:59:25 +0000"
    },
    "done": true
  },
  "minecraft:recipes/tools/stone_pickaxe": {
    "criteria": {
      "has_cobblestone": "2024-07-08 23:59:52 +0000"
    },
    "done": true
  },
  "minecraft:recipes/decorations/acacia_sign": {
    "criteria": {
      "has_planks": "2024-07-08 23:59:25 +0000"
    },
    "done": true
  },
  "minecraft:recipes/decorations/campfire": {
    "criteria": {
      "has_stick": "2024-07-08 23:59:31 +0000"
    },
    "done": true
  },
  "minecraft:recipes/tools/wooden_hoe": {
    "criteria": {
      "has_stick": "2024-07-08 23:59:31 +0000"
    },
    "done": true
  },
  "pfm:recipes/furniture/acacia_kitchen_wall_small_drawer": {
    "criteria": {
      "has_planks": "2024-07-08 23:59:25 +0000"
    },
    "done": true
  },
  "minecraft:recipes/misc/charcoal": {
    "criteria": {
      "has_log": "2024-07-08 23:58:04 +0000"
    },
    "done": true
  },
  "minecraft:recipes/tools/wooden_pickaxe": {
    "criteria": {
      "has_stick": "2024-07-08 23:59:31 +0000"
    },
    "done": true
  },
  "pfm:recipes/furniture/acacia_kitchen_drawer": {
    "criteria": {
      "has_planks": "2024-07-08 23:59:25 +0000"
    },
    "done": true
  },
  "pfm:recipes/furniture/acacia_kitchen_sink": {
    "criteria": {
      "has_planks": "2024-07-08 23:59:25 +0000"
    },
    "done": true
  },
  "pfm:recipes/furniture/acacia_table_log": {
    "criteria": {
      "has_log": "2024-07-08 23:59:25 +0000"
    },
    "done": true
  },
  "pfm:recipes/furniture/acacia_simple_bunk_ladder": {
    "criteria": {
      "has_planks": "2024-07-08 23:59:25 +0000"
    },
    "done": true
  },
  "minecraft:recipes/tools/wooden_shovel": {
    "criteria": {
      "has_stick": "2024-07-08 23:59:31 +0000"
    },
    "done": true
  },
  "minecraft:recipes/building_blocks/cobblestone_slab": {
    "criteria": {
      "has_cobblestone": "2024-07-08 23:59:52 +0000"
    },
    "done": true
  },
  "pfm:recipes/furniture/acacia_kitchen_counter_oven": {
    "criteria": {
      "has_planks": "2024-07-08 23:59:25 +0000"
    },
    "done": true
  },
  "minecraft:recipes/decorations/acacia_fence": {
    "criteria": {
      "has_planks": "2024-07-08 23:59:25 +0000"
    },
    "done": true
  },
  "pfm:recipes/furniture/acacia_classic_stool": {
    "criteria": {
      "has_planks": "2024-07-08 23:59:25 +0000"
    },
    "done": true
  },
  "minecraft:recipes/building_blocks/acacia_wood": {
    "criteria": {
      "has_log": "2024-07-08 23:58:04 +0000"
    },
    "done": true
  },
  "minecraft:recipes/combat/wooden_sword": {
    "criteria": {
      "has_stick": "2024-07-08 23:59:31 +0000"
    },
    "done": true
  },
  "pfm:recipes/furniture/acacia_kitchen_cabinet": {
    "criteria": {
      "has_planks": "2024-07-08 23:59:25 +0000"
    },
    "done": true
  },
  "pfm:recipes/furniture/acacia_chair_modern": {
    "criteria": {
      "has_planks": "2024-07-08 23:59:25 +0000"
    },
    "done": true
  },
  "minecraft:adventure/adventuring_time": {
    "criteria": {
      "minecraft:savanna_plateau": "2024-07-08 23:56:05 +0000"
    },
    "done": false
  },
  "minecraft:recipes/decorations/barrel": {
    "criteria": {
      "has_planks": "2024-07-08 23:59:25 +0000"
    },
    "done": true
  },
  "minecraft:recipes/decorations/cobblestone_wall_from_cobblestone_stonecutting": {
    "criteria": {
      "has_cobblestone": "2024-07-08 23:59:52 +0000"
    },
    "done": true
  },
  "minecraft:recipes/building_blocks/cobblestone_stairs_from_cobblestone_stonecutting": {
    "criteria": {
      "has_cobblestone": "2024-07-08 23:59:52 +0000"
    },
    "done": true
  },
  "pfm:recipes/furniture/acacia_kitchen_counter": {
    "criteria": {
      "has_planks": "2024-07-08 23:59:25 +0000"
    },
    "done": true
  },
  "minecraft:recipes/building_blocks/cobblestone_stairs": {
    "criteria": {
      "has_cobblestone": "2024-07-08 23:59:52 +0000"
    },
    "done": true
  },
  "minecraft:recipes/tools/stone_hoe": {
    "criteria": {
      "has_cobblestone": "2024-07-08 23:59:52 +0000"
    },
    "done": true
  },
  "minecraft:recipes/tools/stone_shovel": {
    "criteria": {
      "has_cobblestone": "2024-07-08 23:59:52 +0000"
    },
    "done": true
  },
  "minecraft:story/root": {
    "criteria": {
      "crafting_table": "2024-07-08 23:59:31 +0000"
    },
    "done": true
  },
  "minecraft:recipes/building_blocks/acacia_planks": {
    "criteria": {
      "has_log": "2024-07-08 23:58:04 +0000"
    },
    "done": true
  },
  "pfm:recipes/furniture/acacia_chair_dinner": {
    "criteria": {
      "has_planks": "2024-07-08 23:59:25 +0000"
    },
    "done": true
  },
  "pfm:recipes/furniture/acacia_table_modern_dinner": {
    "criteria": {
      "has_planks": "2024-07-08 23:59:25 +0000"
    },
    "done": true
  },
  "DataVersion": 3578
}