{
  "pfm:grant_book_on_first_join": {
    "criteria": {
      "tick": "2024-06-16 17:07:31 +0000"
    },
    "done": true
  },
  "minecraft:recipes/decorations/crafting_table": {
    "criteria": {
      "unlock_right_away": "2024-06-16 17:07:32 +0000"
    },
    "done": true
  },
  "minecraft:adventure/adventuring_time": {
    "criteria": {
      "minecraft:savanna_plateau": "2024-06-16 17:07:32 +0000",
      "minecraft:savanna": "2024-06-16 17:07:44 +0000"
    },
    "done": false
  },
  "mcwfurnitures:recipes/acacia": {
    "criteria": {
      "has_wood": "2024-06-16 17:09:29 +0000"
    },
    "done": true
  },
  "pfm:recipes/furniture/acacia_raw_table_log": {
    "criteria": {
      "has_log": "2024-06-16 17:09:29 +0000"
    },
    "done": true
  },
  "pfm:recipes/furniture/acacia_log_stool": {
    "criteria": {
      "has_log": "2024-06-16 17:09:29 +0000"
    },
    "done": true
  },
  "minecraft:recipes/misc/charcoal": {
    "criteria": {
      "has_log": "2024-06-16 17:09:29 +0000"
    },
    "done": true
  },
  "minecraft:recipes/building_blocks/acacia_wood": {
    "criteria": {
      "has_log": "2024-06-16 17:09:29 +0000"
    },
    "done": true
  },
  "minecraft:recipes/building_blocks/acacia_planks": {
    "criteria": {
      "has_log": "2024-06-16 17:09:29 +0000"
    },
    "done": true
  },
  "DataVersion": 3578
}